recommendation_area,finding,business_risk,recommended_action,priority_level
Queue Workload,"technical support has the highest workload with 14,186 tickets.","High queue workload can increase response delays, agent pressure, and SLA breach risk.","Monitor this queue weekly, rebalance ticket routing, and add support capacity if the volume remains high.",High
Top Customer Issue,"Other is the largest ticket category with 34,928 tickets.",A high-volume issue category increases support cost and may indicate a repeated product or process problem.,Perform root-cause analysis for this category and create self-service help content to reduce repeated tickets.,High
SLA Performance,"There are 10,555 SLA breached tickets and SLA compliance is 75.59%.",SLA breaches can reduce customer trust and increase escalation pressure.,"Review SLA breach drivers by queue, category, and priority. Improve escalation rules for high-risk segments.",High
Priority Handling,"medium priority has the highest SLA breach count with 4,412 breached tickets.",Priority handling gaps may lead to delayed resolution for important customer issues.,Review routing logic and ensure high-risk priority tickets are assigned faster.,Medium
Agent Workload,"Pooja Menon has the highest assigned workload with 8,575 tickets.",Uneven workload can cause agent burnout and inconsistent resolution quality.,Use workload balancing rules and review agent-level open ticket distribution.,Medium
Monthly Demand Planning,"2024-03 had the highest ticket volume with 3,567 tickets.",Peak support periods can create backlog if staffing is not planned early.,"Use monthly trends to plan staffing, shift allocation, and support automation.",Medium
Negative Sentiment,"29,204 tickets are classified as Negative sentiment, representing 47.28% of tickets.","Negative tickets may indicate customer dissatisfaction, repeated failures, or unresolved issues.",Review negative tickets weekly and prioritize categories with high negative sentiment.,High
High Urgency Tickets,"893 tickets are classified as High Urgency, representing 1.45% of tickets.",High urgency tickets can lead to escalation and poor customer experience if not handled quickly.,Create a separate high-urgency review queue and monitor it daily.,High
Keyword Monitoring,The most frequent keyword in support tickets is 'die'.,Repeated keywords can reveal recurring customer pain points.,Track top keywords monthly and connect them with issue categories for root-cause analysis.,Low
